{
  "$id": "https://raw.githubusercontent.com/cyentific-rni/cacao-json-schemas/cacao-v2.0-cs01/schemas/commands/openc2-http.json",
  "$schema": "http://json-schema.org/draft-07/schema#",
  "title": "openc2-http",
  "description": "The openc2 command represents a command that is intended to be processed via an openc2 processor via an HTTP agent/target. In addition to the inherited properties, this section defines the following additional properties that are valid for this type.",
  "type": "object",
  "allOf": [
    {
      "$ref": "./command-data.json"
    },
    {
      "properties": {
        "type": {
          "type": "string",
          "description": "The value of this property MUST be 'openc2-http'.",
          "enum": ["openc2-http"]
        },
        "command": {
          "type": "string",
          "description": "The OpenC2 HTTP command uses the HTTP transport. As such this property MUST contain an HTTP start line that contains three elements, an HTTP method, a request target, and the HTTP version (see https://developer.mozilla.org/en-US/docs/Web/HTTP/Messages). \n\nFor this command the HTTP method MUST be 'POST'. For example: \n\n'POST /api1/newObject HTTP/1.1'"
        },
        "content_b64": {
          "type": "string",
          "contentEncoding": "base64",
          "description": "An OpenC2 command that is base64 encoded (see section 4 of [RFC 4648])."
        },
        "headers": {
          "type": "object",
          "description": "This property contains any required HTTP headers. \n\nThe key for each entry in the dictionary MUST be a 'string' that uniquely identifies the header. The value for each key MUST be a 'list' of 'string'.",
          "additionalProperties": {
            "type": "array",
            "items": {
              "type": "string"
            }
          }
        }
      }
    }
  ],
  "required": ["command", "content_b64"]
}
