{
  "$id": "https://raw.githubusercontent.com/cyentific-rni/cacao-json-schemas/cacao-v2.0-cs01/schemas/commands/yara.json",
  "$schema": "http://json-schema.org/draft-07/schema#",
  "title": "yara",
  "description": "The yara command represents a command that is intended to be processed via a yara processor. In addition to the inherited properties, this section defines the following additional property that is valid for this type.",
  "type": "object",
  "allOf": [
    {
      "$ref": "./command-data.json"
    },
    {
      "properties": {
        "type": {
          "type": "string",
          "description": "The value of this property MUST be 'yara'.",
          "enum": ["yara"]
        },
        "command_b64": {
          "type": "string",
          "contentEncoding": "base64",
          "description": "A base64 encoded (see section 4 of [RFC 4648]) yara command. \n\nThe value of this 'command_b64' property MUST be a valid yara command."
        }
      }
    }
  ],
  "required": ["command_b64"]
}
