{
  "$id": "https://raw.githubusercontent.com/cyentific-rni/cacao-coordinates-extension/main/schemas/cases.json",
  "$schema": "http://json-schema.org/draft-07/schema#",
  "title": "cases",
  "allOf": [
    {
      "$ref": "/connection.json"
    },
    {
      "properties": {
        "type": {
          "type": "string",
          "description": "The value of this property MUST be 'cases'. This type is used only with a Switch Condition Step.",
          "enum": ["cases"]
        },
        "case": {
          "type": "string",
          "description": "A string that represents the case value (which is a dictionary key in a CACAO Switch Condition Step). The case value of this property MUST match a dictionary key as defined in the dictionary of a CACAO Switch Condition Step."
        }
      }
    }
  ],
  "required": ["case"]
}
