{
  "$id": "https://raw.githubusercontent.com/cyentific-rni/cacao-coordinates-extension/main/schemas/next-steps.json",
  "$schema": "http://json-schema.org/draft-07/schema#",
  "title": "next-steps",
  "allOf": [
    {
      "$ref": "/connection.json"
    },
    {
      "properties": {
        "type": {
          "type": "string",
          "description": "The value of this property MUST be 'next-steps'. This type is used only with a Parallel Step.",
          "enum": ["next-steps"]
        },
        "next_step": {
          "$ref": "https://raw.githubusercontent.com/cyentific-rni/cacao-json-schemas/cacao-v2.0-csd01/schemas/data-types/identifier.json",
          "description": "An identifier that identifies the next step."
        }
      }
    }
  ],
  "required": ["next-step"]
}
