{
  "$id": "https://raw.githubusercontent.com/cyentific-rni/cacao-json-schemas/cacao-v2.0-cs01/schemas/data-types/contact.json",
  "$schema": "http://json-schema.org/draft-07/schema#",
  "title": "contact",
  "description": "The 'contact' information data type captures general contact information and uses the JSON object type [RFC8259] for serialization.",
  "type": "object",
  "properties": {
    "email": {
      "type": "object",
      "patternProperties": {
        "^[a-zA-Z0-9_-]{0,250}$": {
          "type": "string"
        }
      },
      "description": "An email address for this contact. \n\nThe key for each entry in the dictionary MUST be a 'string' that uniquely identifies the contact type (e.g., the keys could be things like 'work', 'home', 'personal', etc). The value for each key MUST be a 'string'."
    },
    "phone": {
      "type": "object",
      "patternProperties": {
        "^[a-zA-Z0-9_-]{0,250}$": {
          "type": "string"
        }
      },
      "description": "A phone number for this contact. \n\nThe key for each entry in the dictionary MUST be a 'string' that uniquely identifies the type (e.g., the keys could be things like 'work', 'home', 'personal', etc). The value for each key MUST be a 'string'."
    },
    "contact_details": {
      "type": "string",
      "description": "Additional contact information."
    }
  }
}
