{
  "$id": "https://raw.githubusercontent.com/cyentific-rni/cacao-json-schemas/cacao-v2.0-cs01/schemas/data-types/timestamp.json",
  "$schema": "http://json-schema.org/draft-07/schema#",
  "title": "timestamp",
  "description": "The 'timestamp' data type represents dates and times and uses the JSON string type [RFC8259] for serialization. The timestamp data MUST be a valid RFC 3339-formatted timestamp [RFC3339] using the format yyyy-mm-ddThh:mm:ss[.s+]Z where the 's+' represents 1 or more sub-second values. The brackets denote that sub-second precision is optional, and that if no digits are provided, the decimal place MUST NOT be present. The timestamp MUST be represented in the UTC+0 timezone and MUST use the 'Z' designation to indicate this. Additional requirements may be defined where this data type is used.",
  "type": "string",
  "pattern": "^[0-9]{4}-(0[1-9]|1[012])-(0[1-9]|[12][0-9]|3[01])T([01][0-9]|2[0-3]):([0-5][0-9]):([0-5][0-9]|60)(\\.[0-9]+)?Z$"
}
