{
  "$id": "https://raw.githubusercontent.com/cyentific-rni/cacao-json-schemas/cacao-v2.0-cs01/schemas/workflows/start.json",
  "$schema": "http://json-schema.org/draft-07/schema#",
  "title": "start",
  "description": "The start step workflow step is the starting point of a playbook and represents an explicit entry in the workflow to signify the start of a playbook. While this type inherits all of the common properties of a workflow step it does not define any additional properties. This workflow step MUST NOT use the 'on_success' or 'on_failure' properties.",
  "type": "object",
  "allOf": [
    {
      "$ref": "workflow-step.json"
    },
    {
      "properties": {
        "type": {
          "type": "string",
          "description": "The value of this property MUST be 'start'.",
          "enum": ["start"]
        }
      }
    },
    {
      "not": {
        "anyOf": [
          {
            "required": ["on_failure"]
          },
          {
            "required": ["on_success"]
          }
        ]
      }
    }
  ]
}
