{
    "$id": "https://raw.githubusercontent.com/cyentific-rni/workflow-status/main/schema/workflow-status.json",
    "$schema": "http://json-schema.org/draft-07/schema#",
    "title": "workflow-status",
    "description": "JSON validation schema for tracking the execution of CACAO playbooks.",
    "type": "object",
    "properties": {
        "execution_id": {
            "type": "string",
            "description": "A identifier that uniquely identifies the execution of this object."
        },
        "step_id": {
            "$ref": "https://raw.githubusercontent.com/cyentific-rni/cacao-json-schemas/cacao-v2.0-csd01/schemas/data-types/identifier.json",
            "description": "The identifier of the CACAO workflow step this object refers to (tracks)."
        },
        "started": {
            "$ref": "https://raw.githubusercontent.com/cyentific-rni/cacao-json-schemas/cacao-v2.0-csd01/schemas/data-types/timestamp.json",
            "description": "A timestamp that identifies the time the step execution started."
        },
        "ended": {
            "$ref": "https://raw.githubusercontent.com/cyentific-rni/cacao-json-schemas/cacao-v2.0-csd01/schemas/data-types/timestamp.json",
            "description": "A timestamp that identifies the time the step execution ended."
        },
        "status": {
            "$ref": "#/$defs/execution-status-enum",
            "description": "This property identifies the execution status of the workflow step. The value of this property SHOULD come from the execution-status-enum enumeration."
        },
        "status_text": {
            "type": "string",
            "description": "A description that provides more details pertinent to the execution status of the workflow step."
        },
        "executed_by": {
            "$ref": "https://raw.githubusercontent.com/cyentific-rni/cacao-json-schemas/cacao-v2.0-csd01/schemas/data-types/identifier.json",
            "description": "The entity executed the workflow step. This can be an agent-target or a STIX 2.1 Identity object id."
        },
        "commands_b64": {
            "type": "array",
            "items": {
                "type": "string"
            },
            "minItems": 1,
            "description": "A list of Base64 encodings of the commands that were invoked during the execution of a workflow step, including any values stemming from variables. These are the actual commands executed."
        },
        "notes": {
            "type": "string",
            "description": "This property allows incorporating notes (more context) pertinent to the execution of the workflow step."
        },
        "variables": {
            "patternProperties": {
                "^[a-zA-Z0-9_-]+$": {
                    "type": "string"
                }
            },
            "description": "A list of variables used within commands that were invoked during the execution of a workflow step."
        },
        "automated_execution": {
            "type": "boolean",
            "description": "This property identifies if the workflow step was executed manually or automatically. It is either true or false."
        }
    },
    "$defs": {
        "execution-status-enum": {
            "type": "string",
            "enum": [
                "successfully_executed",
                "failed",
                "ongoing",
                "await_user_input",
                "server_side_error",
                "client_side_error",
                "timeout_error",
                "exception_condition_invoked"
            ]
        }
    },
    "required": ["execution_id", "step_id", "started", "status", "command_b64", "automated_execution"]
}
